,pair,region,percent
0,EIF1AX_EIF1AY,promoter,47.71048744460857
1,KDM5C_KDM5D,promoter,46.84287812041116
2,KDM6A_UTY,promoter,47.05882352941176
3,ZFX_ZFY,promoter,50.150150150150154
4,DDX3X_DDX3Y,promoter,47.49262536873156
5,USP9X_USP9Y,promoter,46.198830409356724
6,RPS4X_RPS4Y1,promoter,45.98540145985402
